Payememnt_id,student_id,amount,payment_date,payment_status
1,48,102692,2020-01-01,pending
2,49,159666,2021-01-01,pending
3,99,175343,2024-01-01,paid
4,100,100483,2024-01-01,paid
5,2,126569,2025-01-01,paid
6,72,86628,2021-01-01,pending
7,81,105836,2022-01-01,paid
8,30,126035,2025-01-01,paid
9,44,168086,2021-01-01,pending
10,70,72685,2025-01-01,paid
11,90,168769,2023-01-01,pending
12,97,40555,2022-01-01,pending
13,65,160878,2026-01-01,paid
14,62,77899,2020-01-01,paid
15,63,52835,2022-01-01,pending
16,60,137844,2025-01-01,pending
17,51,194169,2021-01-01,pending
18,91,39893,2021-01-01,paid
19,28,59108,2025-01-01,paid
20,45,119492,2022-01-01,paid
21,17,113204,2022-01-01,pending
22,64,82368,2020-01-01,paid
23,89,107984,2024-01-01,pending
24,7,95939,2020-01-01,paid
25,44,111499,2021-01-01,paid
26,77,176373,2021-01-01,pending
27,4,100659,2023-01-01,paid
28,95,119415,2022-01-01,paid
29,64,112572,2021-01-01,paid
30,43,185926,2025-01-01,pending
31,61,81895,2023-01-01,paid
32,63,84682,2026-01-01,pending
33,28,133331,2026-01-01,paid
34,15,62485,2026-01-01,pending
35,90,198256,2022-01-01,pending
36,11,180746,2023-01-01,paid
37,98,31679,2025-01-01,paid
38,4,54687,2022-01-01,paid
39,23,40591,2021-01-01,paid
40,100,112411,2020-01-01,pending
41,24,55585,2021-01-01,pending
42,72,153736,2024-01-01,paid
43,91,58288,2025-01-01,paid
44,94,146028,2021-01-01,pending
45,71,34828,2024-01-01,pending
46,14,172263,2021-01-01,pending
47,22,41181,2026-01-01,pending
48,62,38650,2026-01-01,pending
49,43,145995,2024-01-01,paid
50,41,174419,2020-01-01,pending
51,89,170115,2025-01-01,paid
52,94,186994,2026-01-01,pending
53,100,86227,2023-01-01,pending
54,57,153100,2026-01-01,paid
55,77,114758,2024-01-01,paid
56,100,192936,2025-01-01,paid
57,47,98474,2024-01-01,paid
58,55,138009,2024-01-01,paid
59,6,67388,2026-01-01,paid
60,25,40617,2023-01-01,pending
61,52,34149,2026-01-01,paid
62,3,191444,2023-01-01,pending
63,81,159993,2026-01-01,paid
64,86,26985,2024-01-01,paid
65,65,65072,2020-01-01,paid
66,1,167010,2022-01-01,paid
67,49,61505,2020-01-01,pending
68,95,41457,2024-01-01,pending
69,86,90890,2020-01-01,paid
70,11,54568,2022-01-01,paid
71,68,104466,2026-01-01,paid
72,22,131072,2020-01-01,pending
73,43,55928,2020-01-01,paid
74,34,165411,2024-01-01,paid
75,81,90882,2026-01-01,paid
76,74,55597,2025-01-01,pending
77,26,62132,2020-01-01,paid
78,94,199718,2021-01-01,paid
79,24,103655,2023-01-01,paid
80,92,195845,2026-01-01,pending
81,81,105167,2023-01-01,paid
82,63,85887,2023-01-01,paid
83,3,38706,2020-01-01,pending
84,88,41914,2023-01-01,paid
85,62,137823,2020-01-01,pending
86,97,125702,2021-01-01,paid
87,77,66786,2024-01-01,paid
88,34,123054,2024-01-01,pending
89,3,110093,2025-01-01,paid
90,49,168845,2025-01-01,pending
91,32,70788,2024-01-01,pending
92,91,163151,2024-01-01,paid
93,2,105263,2022-01-01,pending
94,25,58224,2021-01-01,pending
95,25,34439,2023-01-01,pending
96,95,24963,2021-01-01,pending
97,37,127407,2020-01-01,pending
98,53,178158,2022-01-01,paid
99,23,63482,2024-01-01,paid
100,34,57221,2024-01-01,pending
101,30,86277,2026-01-01,pending
102,95,198926,2021-01-01,pending
103,61,56987,2020-01-01,paid
104,35,185595,2024-01-01,paid
105,61,190991,2022-01-01,paid
106,61,78508,2026-01-01,pending
107,92,80032,2021-01-01,pending
108,92,30431,2023-01-01,pending
109,9,87026,2023-01-01,paid
110,51,169792,2020-01-01,paid
111,93,119647,2020-01-01,pending
112,65,138195,2023-01-01,pending
113,80,199925,2025-01-01,pending
114,30,187520,2024-01-01,pending
115,7,73723,2021-01-01,pending
116,25,83825,2020-01-01,paid
117,87,69923,2020-01-01,paid
118,85,60762,2021-01-01,paid
119,34,191412,2026-01-01,paid
120,45,102142,2020-01-01,pending
121,92,87964,2026-01-01,pending
122,53,47976,2020-01-01,pending
123,77,99769,2022-01-01,paid
124,67,114453,2024-01-01,paid
125,5,30880,2022-01-01,paid
126,6,158233,2025-01-01,pending
127,83,153874,2022-01-01,pending
128,78,196649,2021-01-01,pending
129,90,174483,2021-01-01,paid
130,93,121375,2024-01-01,pending
131,6,189222,2025-01-01,pending
132,67,77199,2020-01-01,pending
133,73,151145,2020-01-01,paid
134,39,43212,2026-01-01,paid
135,89,163824,2022-01-01,pending
136,32,171315,2022-01-01,pending
137,76,108598,2025-01-01,paid
138,23,136512,2020-01-01,pending
139,44,46372,2022-01-01,pending
140,81,129228,2022-01-01,paid
141,19,160115,2022-01-01,pending
142,13,34403,2022-01-01,pending
143,100,117482,2022-01-01,paid
144,46,133379,2025-01-01,pending
145,57,137749,2020-01-01,paid
146,14,36543,2023-01-01,pending
147,35,30968,2024-01-01,pending
148,82,151926,2021-01-01,paid
149,46,84156,2021-01-01,paid
150,57,188761,2021-01-01,paid
